canonical_name,aliases,basis,serving_grams,kcal,protein_g,carbs_g,fat_g,fiber_g,sodium_mg,calcium_mg,iron_mg,potassium_mg
alface,alface;alface_lisa,per_100g,50,11,1.4,1.7,0.2,2,4,38,0.4,267
alho_cru,alho,per_100g,10,113,7,23.9,0.2,4.3,17,14,0.8,535
arroz_branco_cozido,arroz;arroz_cozido;arroz_branco,per_100g,100,130,2.7,28.2,0.2,0.5,1,4,0.14,26
arroz_integral_cozido,arroz_integral,per_100g,100,124,2.6,25.4,1,2.7,1,5,0.3,80
azeite_de_oliva,azeite;azeite_de_oliva,per_100ml,10,884,0,0,100,0,2,1,0.6,1
banana_prata,banana;banana_prata,per_100g,120,89,1.4,23.8,0.1,2,1,8,0.4,328
batata_doce_cozida,batata_doce,per_100g,150,87,1.3,20.1,0.1,3,9,17,0.2,178
batata_inglesa_cozida,batata;batata_cozida;batata_inglesa,per_100g,150,52,1.2,11.9,0,1.3,2,4,0.2,306
biscoito_maltado_black_piraque,maltado_black;biscoito_maltado_black;piraque,per_100g,30,505,6,61.9,26,2.9,,,,
biscoito_maltado_chocolate_piraque,maltado_chocolate;biscoito_maltado;piraque_chocolate,per_100g,30,493,6.4,65,23.1,2.1,,,,
biscoito_passatempo_recheado_chocolate,passatempo;passatempo_chocolate,per_100g,30,467,6.8,72,15.7,2.7,,,,
brocolis_cozido,brocolis;brocolis_cozido,per_100g,80,25,2.1,4.4,0.4,3.4,7,51,0.5,132
brocolis_grelhado,brocolis_grelhado,per_100g,140,36,3,5,0.4,3.5,,,,
cafe_coado_sem_acucar,cafe;cafe_coado;cafe_sem_acucar;cafe_preto,per_100ml,50,2,0.1,0.3,0,0,1,2,0.1,49
carne_bovina_patinho_grelhado,carne;carne_bovina;patinho;patinho_grelhado,per_100g,100,219,35.9,0,7.3,0,55,4,3.5,376
carne_moida_refogada,carne_moida;carne_moida_refogada,per_100g,100,212,27,0,11,0,60,10,2.6,320
cebola_crua,cebola;cebola_crua,per_100g,50,39,1.7,8.9,0.1,2.2,3,14,0.3,176
cenoura_crua,cenoura;cenoura_crua,per_100g,80,34,1.3,7.7,0.2,3.2,65,27,0.2,315
charque_grelhada,charque;churrasco_charque,per_100g,60,333,30,0,20,0,,,,
chocolate_ao_leite_lacta,chocolate_ao_leite;lacta,per_100g,20,550,7,55,32,2,,,,
chocolate_laka_oreo,laka_oreo;chocolate_laka_oreo,per_100g,25,528,5.8,62.2,28.9,0,,,,
coca_cola_zero,coca_zero;coca_cola_zero,per_100ml,350,0,0,0,0,0,,,,
coxa_de_frango_cozida,coxa_de_frango;coxa_frango,per_100g,100,215,26,0,12,0,88,10,1.1,240
cream_cracker_vitarella,cream_cracker;cream_cracker_vitarella,per_100g,30,457,9.1,70.9,15.8,2.4,,,,
cuscuz_cozido_flocao_coringa,cuscuz;cuscuz_cozido;flocao_coringa,per_100g,100,112,2.2,25,0.6,1.4,,,,
doce_de_leite_itambe,doce_de_leite;doce_de_leite_itambe,per_100g,30,320,6,58,8,0,,,,
feijao_carioca_cozido,feijao_carioca,per_100g,100,84,5.3,15.4,0.6,6.5,2,27,1.3,255
feijao_preto_cozido,feijao;feijao_preto;feijao_cozido,per_100g,100,77,4.5,14,0.5,8.4,2,29,1.5,256
feijao_tropeiro,tropeiro;feijao_tropeiro,per_100g,100,220,9,25,10,3,,,,
granola_tia_sonia,granola;granola_tia_sonia,per_100g,25,408,9.2,60,13.2,6.8,,,,
guarana_antarctica_zero,guarana_zero;guarana_antarctica_zero,per_100ml,200,0,0,0,0,0,,,,
heineken,cerveja;heineken,per_100ml,330,43,0.4,3.6,0,0,,,,
iogurte_natural_integral,iogurte;iogurte_natural,per_100g,170,75.1,4.1,5.9,3.9,0,64,143,0.1,182
laranja,laranja;laranja_pera,per_100g,150,37,1,8.7,0.1,4,1,42,0.1,163
lays_sensacoes_frango_grelhado,lays_sensacoes;batatinha_lays;chips_frango_grelhado,per_100g,35,534,0.7,48.6,34.3,4.6,,,,
leite_integral,leite;leite_integral,per_100ml,200,57,3.1,4.5,3,0,44,120,0.1,152
maca,maca,per_100g,120,56,0.3,15.2,0.4,1.3,1,3,0.1,75
macarrao_cozido_molho_tomate,macarrao;macarrao_parafuso;macarrao_molho_tomate,per_100g,100,131,4.5,25,1,1.7,,,,
mamao_papaia,mamao;mamao_papaia,per_100g,150,40,0.5,10.4,0.1,1.8,3,25,0.2,257
maminha_grelhada,maminha;churrasco_maminha,per_100g,160,250,28.1,0,15.6,0,,,,
mandioca_cozida,mandioca;aipim;macaxeira,per_100g,150,125,0.6,30.1,0.3,1.6,3,17,0.3,257
manteiga,manteiga,per_100g,5,720,0,0,82,0,,,,
mortadela,mortadela,per_100g,45,269,12,4.7,22,0,,,,
nescau_em_po,nescau;achocolatado_nescau,per_100g,30,380,7,75,6,5,,,,
oleo_de_soja,oleo;oleo_de_soja,per_100ml,10,884,0,0,100,0,0,0,0,0
ovo_de_galinha_cozido,ovo;ovo_cozido;ovo_de_galinha,per_100g,100,143,13,1.6,10,0,140,49,1.2,126
ovo_de_galinha_frito,ovo_frito;ovo_mexido,per_100g,100,196,13.6,0.9,15.3,0,155,55,1.2,138
pao_ceda,pao_ceda;pao_seda;pao_de_forma,per_100g,40,300,8.2,55,3.6,2.6,,,,
pao_frances,pao;pao_frances;pao_de_sal;pao_branco,per_100g,50,300,9.4,58.6,3.1,2.3,648,16,1.1,135
pao_integral,pao_integral,per_100g,50,253,9,45,4,7,505,90,2.5,240
paozinho_recheado_queijo,paozinho_com_queijo;pao_recheado_queijo,per_100g,30,310,9,32.1,16.3,1,,,,
peito_de_frango_grelhado,frango;peito_de_frango;frango_grelhado;peito_grelhado,per_100g,100,165,31,0,3.6,0,64,3,0.4,220
peito_de_peru_defumado,peito_de_peru;peito_de_peru_defumado,per_100g,25,104,18,2,2,0,,,,
pepino_cru,pepino;pepino_cru,per_100g,80,12,0.7,2.2,0.1,0.7,,,,
queijo_minas_frescal,queijo_minas;queijo_frescal,per_100g,30,264,17.4,3.2,20.2,0,321,579,0.2,72
queijo_mussarela,mussarela;queijo_mussarela,per_100g,30,330,22.6,3,25,0,674,875,0.3,73
refrigerante_cola,refrigerante;coca_cola;cola,per_100ml,200,42,0,10.6,0,0,4,0,0,1
ricota_batalha,ricota;ricota_batalha,per_100g,30,68,6,1.2,4.4,0,,,,
salmao_grelhado,salmao;salmao_grelhado,per_100g,100,208,25.4,0,11.4,0,59,15,0.6,384
sorvete_chocolate,sorvete_de_chocolate;sorvete_chocolate,per_100g,60,210,4,31,9,1,,,,
sorvete_maracuja,sorvete_de_maracuja;sorvete_maracuja,per_100g,60,160,2,32,3,0.5,,,,
suco_de_laranja_natural,suco_de_laranja;suco_laranja;laranja_suco,per_100ml,200,42,0.7,9.9,0.1,0.4,1,11,0.1,180
tomate,tomate;tomate_cru,per_100g,80,15,1.1,3.1,0.2,1.2,4,7,0.2,222
trento_dark,trento;trento_dark,per_100g,29,472,6.2,62.1,21.7,4.5,,,,
vinagrete_tomate_cebola,vinagrete;vinagrete_tomate_cebola,per_100g,50,30,1.2,6.6,0.2,2,,,,